-- Adminer 4.7.1 PostgreSQL dump

DROP TABLE IF EXISTS "answer";
DROP SEQUENCE IF EXISTS answer_id_seq;
CREATE SEQUENCE answer_id_seq INCREMENT 1 MINVALUE 1 MAXVALUE 2147483647 START 71 CACHE 1;

CREATE TABLE "public"."answer" (
    "id" integer DEFAULT nextval('answer_id_seq') NOT NULL,
    "text" character varying NOT NULL,
    "weight" double precision NOT NULL,
    "questionId" integer NOT NULL,
    "baseCreated" timestamp DEFAULT now() NOT NULL,
    "baseUpdated" timestamp DEFAULT now() NOT NULL,
    CONSTRAINT "PK_9232db17b63fb1e94f97e5c224f" PRIMARY KEY ("id"),
    CONSTRAINT "FK_a4013f10cd6924793fbd5f0d637" FOREIGN KEY ("questionId") REFERENCES question(id) ON DELETE CASCADE NOT DEFERRABLE
) WITH (oids = false);

INSERT INTO "answer" ("id", "text", "weight", "questionId", "baseCreated", "baseUpdated") VALUES
(1,	'Secara teratur setiap  bulan',	5,	1,	'2019-06-09 06:34:30.373383',	'2019-06-09 06:34:30.373383'),
(2,	'Beberapa bulan sekali',	3,	1,	'2019-06-09 06:34:58.544617',	'2019-06-09 06:34:58.544617'),
(3,	'Satu tahun atau beberapa tahun sekali',	1,	1,	'2019-06-09 06:35:29.548632',	'2019-06-09 06:35:29.548632'),
(4,	'Tidak sama sekali sejak menjadi anggota',	0,	1,	'2019-06-09 06:35:56.043967',	'2019-06-09 06:35:56.043967'),
(5,	'Tetap waktu dan tetap jumlah',	3,	2,	'2019-06-09 06:40:03.480962',	'2019-06-09 06:40:03.480962'),
(6,	'Tetap waktu tetapi tidak tepat jumlah',	1,	2,	'2019-06-09 06:40:47.122488',	'2019-06-09 06:40:47.122488'),
(7,	'Tidak tepat waktu dan tidak tetap jumlah ',	0,	2,	'2019-06-09 06:41:29.821352',	'2019-06-09 06:41:29.821352'),
(8,	'Ya',	2,	3,	'2019-06-09 06:45:30.774327',	'2019-06-09 06:45:30.774327'),
(9,	'Tidak',	0,	3,	'2019-06-09 06:45:41.773841',	'2019-06-09 06:45:41.773841'),
(10,	'Tepat waktu dan tepat jumlah',	1,	4,	'2019-06-09 06:48:57.264576',	'2019-06-09 06:48:57.264576'),
(11,	'Tidak tetap waktu dan tidak tetap jumlah',	0,	4,	'2019-06-09 06:49:17.56603',	'2019-06-09 06:49:17.56603'),
(12,	'Ya',	1,	5,	'2019-06-09 06:52:15.343096',	'2019-06-09 06:52:15.343096'),
(13,	'Tidak',	0,	5,	'2019-06-09 06:52:26.817309',	'2019-06-09 06:52:26.817309'),
(14,	'Ya',	1,	6,	'2019-06-09 06:58:04.925366',	'2019-06-09 06:58:04.925366'),
(15,	'Tidak',	0,	6,	'2019-06-09 06:58:18.021299',	'2019-06-09 06:58:18.021299'),
(16,	'Ya',	1,	7,	'2019-06-09 06:58:31.766391',	'2019-06-09 06:58:31.766391'),
(17,	'Tidak',	0,	7,	'2019-06-09 06:58:44.624138',	'2019-06-09 06:58:44.624138'),
(18,	'Ya',	1,	8,	'2019-06-09 06:59:16.011972',	'2019-06-09 06:59:16.011972'),
(19,	'Tidak',	0,	8,	'2019-06-09 06:59:25.838462',	'2019-06-09 06:59:25.838462'),
(20,	'Ya',	10,	9,	'2019-06-09 07:17:18.158226',	'2019-06-09 07:17:18.158226'),
(21,	'Tidak',	0,	9,	'2019-06-09 07:17:32.945706',	'2019-06-09 07:17:32.945706'),
(22,	'Ya',	5,	11,	'2019-06-09 07:18:18.660518',	'2019-06-09 07:18:18.660518'),
(23,	'Tidak',	0,	11,	'2019-06-09 07:18:29.576834',	'2019-06-09 07:18:29.576834'),
(24,	'Lebih dari 5 tahun',	3,	12,	'2019-06-09 07:18:54.352833',	'2019-06-09 07:18:54.352833'),
(25,	'Kurang dari 5 tahun',	2,	12,	'2019-06-09 07:19:15.42169',	'2019-06-09 07:19:15.42169'),
(26,	'Baru mulai',	0,	12,	'2019-06-09 07:19:34.182706',	'2019-06-09 07:19:34.182706'),
(27,	'Ya',	0,	13,	'2019-06-09 07:23:17.409539',	'2019-06-09 07:23:17.409539'),
(28,	'Tidak',	2,	13,	'2019-06-09 07:23:30.09564',	'2019-06-09 07:23:30.09564'),
(29,	'Ya',	2,	14,	'2019-06-09 07:29:06.551219',	'2019-06-09 07:29:06.551219'),
(30,	'Tidak',	0,	14,	'2019-06-09 07:29:19.696258',	'2019-06-09 07:29:19.696258'),
(31,	'Ya',	2,	15,	'2019-06-09 07:31:32.066652',	'2019-06-09 07:31:32.066652'),
(32,	'Tidak',	0,	15,	'2019-06-09 07:31:41.49555',	'2019-06-09 07:31:41.49555'),
(33,	'Ya',	1,	16,	'2019-06-09 07:33:04.711177',	'2019-06-09 07:33:04.711177'),
(34,	'Tidak',	0,	16,	'2019-06-09 07:33:17.421168',	'2019-06-09 07:33:17.421168'),
(35,	'≤ 1 × saham dan simpanan jangka panjang',	20,	18,	'2019-06-09 07:39:01.162035',	'2019-06-09 07:39:01.162035'),
(36,	'Di atas 1 s/d 3 × saham dan simpanan jangka panjang',	10,	18,	'2019-06-09 07:39:32.812061',	'2019-06-09 07:39:32.812061'),
(37,	'Di atas 3 s/d 5 × saham dan simpanan jangka panjang ',	5,	18,	'2019-06-09 07:39:57.996229',	'2019-06-09 07:39:57.996229'),
(38,	'Di atas 5 s/d 10 × saham dan simpanan jangka panjang',	2,	18,	'2019-06-09 07:40:19.746791',	'2019-06-09 07:40:19.746791'),
(39,	'Ya',	2,	19,	'2019-06-09 07:42:53.850034',	'2019-06-09 07:42:53.850034'),
(40,	'Tidak',	0,	19,	'2019-06-09 07:43:08.775475',	'2019-06-09 07:43:08.775475'),
(41,	'Ya',	2,	20,	'2019-06-09 07:44:16.635494',	'2019-06-09 07:44:16.635494'),
(42,	'Tidak',	0,	20,	'2019-06-09 07:44:25.90579',	'2019-06-09 07:44:25.90579'),
(44,	'75% s/d 100%',	15,	22,	'2019-06-09 07:47:57.328118',	'2019-06-09 07:47:57.328118'),
(45,	'50% s/d 75%',	10,	22,	'2019-06-09 07:48:20.748212',	'2019-06-09 07:48:20.748212'),
(46,	'<50%',	5,	22,	'2019-06-09 07:48:44.646981',	'2019-06-09 07:48:44.646981'),
(47,	'Jika bergerak (sepeda motor atau mobil)',	1,	23,	'2019-06-09 07:51:37.925013',	'2019-06-09 07:51:37.925013'),
(49,	'Ya',	2,	24,	'2019-06-09 07:56:33.847074',	'2019-06-09 07:56:33.847074'),
(50,	'Tidak',	0,	24,	'2019-06-09 07:56:50.523826',	'2019-06-09 07:56:50.523826'),
(51,	'Ya',	1,	28,	'2019-06-09 07:59:54.975482',	'2019-06-09 07:59:54.975482'),
(52,	'Tidak',	0,	28,	'2019-06-09 08:00:09.901404',	'2019-06-09 08:00:09.901404'),
(53,	'Ya',	1,	27,	'2019-06-09 08:00:31.862605',	'2019-06-09 08:00:31.862605'),
(54,	'Tidak',	0,	27,	'2019-06-09 08:00:46.486087',	'2019-06-09 08:00:46.486087'),
(55,	'Ya',	1,	26,	'2019-06-09 08:01:12.118641',	'2019-06-09 08:01:12.118641'),
(56,	'Tidak',	0,	26,	'2019-06-09 08:01:23.37845',	'2019-06-09 08:01:23.37845'),
(57,	'Ya',	2,	25,	'2019-06-09 08:02:21.361818',	'2019-06-09 08:02:21.361818'),
(58,	'Tidak',	0,	25,	'2019-06-09 08:02:31.140036',	'2019-06-09 08:02:31.140036'),
(59,	'Ya',	1,	29,	'2019-06-09 08:06:16.961753',	'2019-06-09 08:06:16.961753'),
(60,	'Tidak',	0,	29,	'2019-06-09 08:06:32.804182',	'2019-06-09 08:06:32.804182'),
(63,	'Ya',	1,	31,	'2019-06-09 08:07:35.172086',	'2019-06-09 08:07:35.172086'),
(64,	'Tidak',	0,	31,	'2019-06-09 08:07:52.831616',	'2019-06-09 08:07:52.831616'),
(65,	'Ya',	1,	32,	'2019-06-09 08:08:18.77108',	'2019-06-09 08:08:18.77108'),
(66,	'Tidak',	0,	32,	'2019-06-09 08:08:33.750446',	'2019-06-09 08:08:33.750446'),
(67,	'Ya',	1,	33,	'2019-06-09 08:08:49.94386',	'2019-06-09 08:08:49.94386'),
(68,	'Tidak',	0,	33,	'2019-06-09 08:09:02.599873',	'2019-06-09 08:09:02.599873'),
(69,	'Jika tidak bergerak(tanah)',	3,	23,	'2019-06-09 08:18:18.336211',	'2019-06-09 08:18:18.336211'),
(70,	'Ya',	0,	21,	'2019-06-09 08:25:30.365392',	'2019-06-09 08:25:30.365392'),
(71,	'Tidak',	1,	21,	'2019-06-09 08:25:43.814904',	'2019-06-09 08:25:43.814904'),
(61,	'Ya',	0,	30,	'2019-06-09 08:06:51.873514',	'2019-06-09 13:19:02.792933'),
(62,	'Tidak',	1,	30,	'2019-06-09 08:07:20.782203',	'2019-06-09 13:19:34.851316'),
(43,	'>100% dari pinjaman',	20,	22,	'2019-06-09 07:47:29.443624',	'2019-06-09 13:22:24.851553');

DROP TABLE IF EXISTS "credit_request";
DROP SEQUENCE IF EXISTS credit_request_id_seq;
CREATE SEQUENCE credit_request_id_seq INCREMENT 1 MINVALUE 1 MAXVALUE 2147483647 START 8 CACHE 1;

CREATE TABLE "public"."credit_request" (
    "id" integer DEFAULT nextval('credit_request_id_seq') NOT NULL,
    "memberId" integer,
    "baseCreated" timestamp DEFAULT now() NOT NULL,
    "baseUpdated" timestamp DEFAULT now() NOT NULL,
    CONSTRAINT "PK_a5e5e24dc34548f6a2bb8c1c27b" PRIMARY KEY ("id"),
    CONSTRAINT "FK_2198d1f49a8c126abf6391277d2" FOREIGN KEY ("memberId") REFERENCES member(id) ON DELETE CASCADE NOT DEFERRABLE
) WITH (oids = false);

INSERT INTO "credit_request" ("id", "memberId", "baseCreated", "baseUpdated") VALUES
(4,	3,	'2019-06-09 14:02:20.134181',	'2019-06-09 14:02:20.134181'),
(5,	9,	'2019-06-09 14:18:54.403605',	'2019-06-09 14:18:54.403605'),
(6,	12,	'2019-06-09 14:36:56.570493',	'2019-06-09 14:36:56.570493'),
(7,	3,	'2019-06-09 14:59:58.026989',	'2019-06-09 14:59:58.026989'),
(8,	16,	'2019-06-09 15:18:32.951804',	'2019-06-09 15:18:32.951804');

DROP TABLE IF EXISTS "credit_request_answers_answer";
CREATE TABLE "public"."credit_request_answers_answer" (
    "creditRequestId" integer NOT NULL,
    "answerId" integer NOT NULL,
    CONSTRAINT "PK_b933230014ff63f13252ea34233" PRIMARY KEY ("creditRequestId", "answerId"),
    CONSTRAINT "FK_4ccebd902bf3ec4d7f604a7e67b" FOREIGN KEY ("creditRequestId") REFERENCES credit_request(id) ON DELETE CASCADE NOT DEFERRABLE,
    CONSTRAINT "FK_c73992c51d58a71929a696674f4" FOREIGN KEY ("answerId") REFERENCES answer(id) ON DELETE CASCADE NOT DEFERRABLE
) WITH (oids = false);

CREATE INDEX "IDX_4ccebd902bf3ec4d7f604a7e67" ON "public"."credit_request_answers_answer" USING btree ("creditRequestId");

CREATE INDEX "IDX_c73992c51d58a71929a696674f" ON "public"."credit_request_answers_answer" USING btree ("answerId");

INSERT INTO "credit_request_answers_answer" ("creditRequestId", "answerId") VALUES
(4,	2),
(4,	6),
(4,	9),
(4,	11),
(4,	12),
(4,	14),
(4,	16),
(4,	18),
(4,	21),
(4,	22),
(4,	24),
(4,	28),
(4,	30),
(4,	31),
(4,	33),
(4,	37),
(4,	39),
(4,	41),
(4,	46),
(4,	47),
(4,	49),
(4,	52),
(4,	53),
(4,	55),
(4,	57),
(4,	59),
(4,	63),
(4,	66),
(4,	67),
(4,	70),
(4,	62),
(5,	3),
(5,	5),
(5,	8),
(5,	10),
(5,	12),
(5,	15),
(5,	16),
(5,	18),
(5,	21),
(5,	22),
(5,	24),
(5,	28),
(5,	30),
(5,	31),
(5,	33),
(5,	37),
(5,	39),
(5,	41),
(5,	45),
(5,	47),
(5,	49),
(5,	51),
(5,	53),
(5,	55),
(5,	57),
(5,	59),
(5,	63),
(5,	65),
(5,	68),
(5,	71),
(5,	61),
(6,	2),
(6,	6),
(6,	8),
(6,	10),
(6,	13),
(6,	14),
(6,	16),
(6,	18),
(6,	20),
(6,	23),
(6,	26),
(6,	28),
(6,	30),
(6,	31),
(6,	33),
(6,	36),
(6,	40),
(6,	41),
(6,	44),
(6,	47),
(6,	49),
(6,	51),
(6,	53),
(6,	55),
(6,	58),
(6,	59),
(6,	63),
(6,	65),
(6,	67),
(6,	70),
(6,	62),
(7,	3),
(7,	7),
(7,	9),
(7,	10),
(7,	12),
(7,	14),
(7,	16),
(7,	18),
(7,	21),
(7,	23),
(7,	24),
(7,	28),
(7,	30),
(7,	32),
(7,	34),
(7,	37),
(7,	40),
(7,	41),
(7,	46),
(7,	50),
(7,	51),
(7,	54),
(7,	55),
(7,	57),
(7,	59),
(7,	63),
(7,	65),
(7,	68),
(7,	69),
(7,	71),
(7,	61),
(8,	3),
(8,	7),
(8,	8),
(8,	11),
(8,	13),
(8,	14),
(8,	16),
(8,	18),
(8,	21),
(8,	22),
(8,	24),
(8,	28),
(8,	29),
(8,	32),
(8,	34),
(8,	38),
(8,	39),
(8,	41),
(8,	46),
(8,	50),
(8,	51),
(8,	53),
(8,	55),
(8,	57),
(8,	59),
(8,	63),
(8,	65),
(8,	67),
(8,	69),
(8,	71),
(8,	61);

DROP TABLE IF EXISTS "member";
DROP SEQUENCE IF EXISTS member_id_seq;
CREATE SEQUENCE member_id_seq INCREMENT 1 MINVALUE 1 MAXVALUE 2147483647 START 27 CACHE 1;

CREATE TABLE "public"."member" (
    "id" integer DEFAULT nextval('member_id_seq') NOT NULL,
    "nama" character varying NOT NULL,
    "noHp" character varying NOT NULL,
    "alamat" character varying NOT NULL,
    "statusTerakhir" character varying NOT NULL,
    "limitKredit" bigint NOT NULL,
    "jangkaWaktu" integer NOT NULL,
    "tempatLahir" character varying NOT NULL,
    "tanggalLahir" timestamp NOT NULL,
    "sex" member_sex_enum NOT NULL,
    "baseCreated" timestamp DEFAULT now() NOT NULL,
    "baseUpdated" timestamp DEFAULT now() NOT NULL,
    CONSTRAINT "PK_97cbbe986ce9d14ca5894fdc072" PRIMARY KEY ("id")
) WITH (oids = false);

INSERT INTO "member" ("id", "nama", "noHp", "alamat", "statusTerakhir", "limitKredit", "jangkaWaktu", "tempatLahir", "tanggalLahir", "sex", "baseCreated", "baseUpdated") VALUES
(1,	'boni',	'5545454',	'tyty',	'erere',	1200000,	12,	'qeqeq',	'1995-06-06 00:00:00',	'pria',	'2019-06-09 05:50:03.919613',	'2019-06-09 09:16:45.847601'),
(8,	'PK6',	'',	'Jl. Jendral Sudirman',	'SMA',	5000000,	18,	'',	'2019-06-09 09:24:08.621',	'pria',	'2019-06-09 09:24:59.734661',	'2019-06-09 09:28:26.831606'),
(7,	'PK5',	'',	'Jl. Thamrin',	'',	4000000,	12,	'',	'2019-06-09 09:23:38.985',	'pria',	'2019-06-09 09:24:18.992986',	'2019-06-09 09:37:34.636514'),
(12,	'PK10',	'',	'Jl. Thamrin',	'SMA',	35000000,	60,	'',	'2019-06-09 09:42:53.803',	'pria',	'2019-06-09 09:43:47.44026',	'2019-06-09 09:44:55.712171'),
(11,	'PK9',	'',	'Jl. Cak Doko',	'SMA',	5000000,	10,	'',	'2019-06-09 09:41:19.999',	'pria',	'2019-06-09 09:42:15.216166',	'2019-06-09 09:45:11.03534'),
(6,	'PK4',	'',	'Jl. S. K. Lerik',	'S1',	10000000,	60,	'',	'2019-06-09 09:21:25.838',	'pria',	'2019-06-09 09:22:13.907277',	'2019-06-09 09:45:33.340127'),
(3,	'PK2',	'',	'Jl. Tim Tim Oeba Kelapa Lima',	'S1',	15000000,	36,	'',	'2019-06-09 08:36:17.882',	'pria',	'2019-06-09 08:37:48.671039',	'2019-06-09 09:45:57.693958'),
(4,	'PK1',	'',	'Jl. Thamrin',	'SMA',	4000000,	18,	'',	'2019-06-09 09:20:22.743',	'pria',	'2019-06-09 09:21:02.390647',	'2019-06-09 09:46:12.76538'),
(9,	'PK7',	'',	'Jl. Nangka',	'SMP',	6000000,	60,	'',	'2019-06-09 09:39:16.609',	'pria',	'2019-06-09 09:40:24.722602',	'2019-06-09 09:46:27.784463'),
(10,	'PK8',	'',	'Jl. Nangka',	'SMA',	125000000,	36,	'',	'2019-06-09 09:40:20.34',	'pria',	'2019-06-09 09:41:05.114613',	'2019-06-09 09:46:43.690426'),
(5,	'PK3',	'',	'Jalan Sumba Tuak Sabu',	'S1',	4000000,	18,	'',	'2019-06-09 09:20:52.603',	'pria',	'2019-06-09 09:21:36.204692',	'2019-06-09 09:47:03.357793'),
(13,	'PK11',	'',	'',	'S1',	2000000,	6,	'',	'2019-06-09 13:30:29.878',	'pria',	'2019-06-09 13:31:25.664737',	'2019-06-09 13:31:25.664737'),
(14,	'PK12',	'',	'',	'SMP',	3000000,	10,	'',	'2019-06-09 13:31:16.038',	'pria',	'2019-06-09 13:32:02.22625',	'2019-06-09 13:32:02.22625'),
(15,	'PK13',	'',	'',	'S1',	10000000,	36,	'',	'2019-06-09 13:31:52.195',	'pria',	'2019-06-09 13:32:46.845877',	'2019-06-09 13:32:46.845877'),
(16,	'PK14',	'',	'',	'SMA',	13000000,	12,	'',	'2019-06-09 13:32:36.489',	'pria',	'2019-06-09 13:33:35.527434',	'2019-06-09 13:33:35.527434'),
(17,	'PK15',	'',	'',	'S1',	25000000,	20,	'',	'2019-06-09 13:33:24.202',	'pria',	'2019-06-09 13:34:10.372031',	'2019-06-09 13:34:10.372031'),
(18,	'PK16',	'',	'',	'S1',	45000000,	90,	'',	'2019-06-09 13:34:10.285',	'pria',	'2019-06-09 13:35:05.398934',	'2019-06-09 13:35:05.398934'),
(19,	'PK17',	'',	'',	'S1',	9000000,	20,	'',	'2019-06-09 13:34:54.529',	'pria',	'2019-06-09 13:35:38.919566',	'2019-06-09 13:35:38.919566'),
(20,	'PK18',	'',	'',	'SMA',	2500000,	12,	'',	'2019-06-09 13:36:35.812',	'pria',	'2019-06-09 13:37:23.488799',	'2019-06-09 13:37:23.488799'),
(21,	'PK19',	'',	'',	'S1',	100000000,	84,	'',	'2019-06-09 13:37:12.209',	'pria',	'2019-06-09 13:38:02.332408',	'2019-06-09 13:38:02.332408'),
(22,	'PK20',	'',	'',	'SMA',	9000000,	24,	'',	'2019-06-09 13:38:00.331',	'pria',	'2019-06-09 13:38:45.478056',	'2019-06-09 13:38:45.478056'),
(23,	'PK21',	'',	'',	'S1',	12500000,	36,	'',	'2019-06-09 13:38:55.954',	'pria',	'2019-06-09 13:40:03.701999',	'2019-06-09 13:40:03.701999'),
(24,	'PK22',	'',	'',	'SMP',	4000000,	12,	'',	'2019-06-09 13:39:52.611',	'pria',	'2019-06-09 13:40:51.71742',	'2019-06-09 13:40:51.71742'),
(25,	'PK23',	'',	'',	'S2',	30000000,	36,	'',	'2019-06-09 13:40:40.115',	'pria',	'2019-06-09 13:41:29.401293',	'2019-06-09 13:41:29.401293'),
(26,	'PK24',	'',	'',	'SMA',	25000000,	60,	'',	'2019-06-09 13:41:18.402',	'pria',	'2019-06-09 13:42:08.847973',	'2019-06-09 13:42:08.847973'),
(27,	'PK25',	'',	'',	'S1',	17,	24,	'',	'2019-06-09 13:41:58.111',	'pria',	'2019-06-09 13:42:43.043424',	'2019-06-09 13:42:43.043424');

DROP TABLE IF EXISTS "pegawai";
DROP SEQUENCE IF EXISTS pegawai_id_seq;
CREATE SEQUENCE pegawai_id_seq INCREMENT 1 MINVALUE 1 MAXVALUE 2147483647 START 2 CACHE 1;

CREATE TABLE "public"."pegawai" (
    "id" integer DEFAULT nextval('pegawai_id_seq') NOT NULL,
    "nama" character varying NOT NULL,
    "username" character varying NOT NULL,
    "password" character varying NOT NULL,
    "baseCreated" timestamp DEFAULT now() NOT NULL,
    "baseUpdated" timestamp DEFAULT now() NOT NULL,
    CONSTRAINT "PK_8709c75473217f0437909a47705" PRIMARY KEY ("id")
) WITH (oids = false);

INSERT INTO "pegawai" ("id", "nama", "username", "password", "baseCreated", "baseUpdated") VALUES
(2,	'boni',	'admin',	'$2b$10$xqd/2UKkBy7DZgw5Dji5v.bdav9cSNd5D97X3PpeA2b14MFSjAlZi',	'2019-06-09 08:48:24.736225',	'2019-06-09 08:48:24.736225');

DROP TABLE IF EXISTS "question";
DROP SEQUENCE IF EXISTS question_id_seq;
CREATE SEQUENCE question_id_seq INCREMENT 1 MINVALUE 1 MAXVALUE 2147483647 START 33 CACHE 1;

CREATE TABLE "public"."question" (
    "id" integer DEFAULT nextval('question_id_seq') NOT NULL,
    "text" text NOT NULL,
    "type" character varying NOT NULL,
    "profileTarget" integer NOT NULL,
    "showOrder" integer NOT NULL,
    "deleted" boolean DEFAULT false,
    "isCf" boolean DEFAULT true NOT NULL,
    "baseCreated" timestamp DEFAULT now() NOT NULL,
    "baseUpdated" timestamp DEFAULT now() NOT NULL,
    CONSTRAINT "PK_21e5786aa0ea704ae185a79b2d5" PRIMARY KEY ("id")
) WITH (oids = false);

INSERT INTO "question" ("id", "text", "type", "profileTarget", "showOrder", "deleted", "isCf", "baseCreated", "baseUpdated") VALUES
(1,	'Apakah calon peminjam memiliki kebiasaan yang baik dalam menyimpan di simpan saham dan sikap di SOLIDARITAS ',	'watak',	5,	1,	'0',	'1',	'2019-06-09 06:30:17.241523',	'2019-06-09 06:30:17.241523'),
(2,	'Apakah calon peminjam memiliki kebiasaan  yang baik dalm mencicil pinjaman sebelum di Kopdit SOLIDARITAS ?',	'watak',	3,	2,	'0',	'1',	'2019-06-09 06:33:10.638579',	'2019-06-09 06:33:10.638579'),
(3,	'Apakah  calon peminjam adalah orang yang dapat dipercaya dalam hal keuangan oleh masyarakat atau mempunyai reputasi baik di lingkungan tempat tinggal atau tempat kerja?',	'watak',	2,	3,	'0',	'1',	'2019-06-09 06:45:10.458685',	'2019-06-09 06:45:10.458685'),
(4,	'Jika memiliki pinjaman di lembaga lain, apakah reputasi/presentasi calon peminjam dalam mencicil pinjaman?',	'watak',	1,	4,	'0',	'0',	'2019-06-09 06:48:03.614329',	'2019-06-09 06:49:32.260891'),
(6,	'Apakah calon peminjam memiliki hubungan/relasi dalam keluaga inti yang harmonis? ',	'watak',	1,	6,	'0',	'0',	'2019-06-09 06:54:46.424909',	'2019-06-09 06:54:46.424909'),
(5,	'Apakah calon peminjam aktif dalam kegiatan yang diselenggarakan oleh kopdit SOLIDARITAS seperti pendidikan dasar, pendidikan lanjut dan atau RAT?',	'watak',	1,	5,	'0',	'0',	'2019-06-09 06:51:52.851559',	'2019-06-09 06:55:00.258443'),
(7,	'Apakah calon peminjam memiliki hubungan/ relasi di tempat kerja yang harmonis ?',	'watak',	1,	7,	'0',	'0',	'2019-06-09 06:56:32.692294',	'2019-06-09 06:56:32.692294'),
(8,	'Apakah calon peminjam memiliki hubungan/ relasi dengan masyarakat yang harmonis ?',	'watak',	1,	8,	'0',	'0',	'2019-06-09 06:57:29.509777',	'2019-06-09 06:57:29.509777'),
(9,	'Apakah pendapatan bersih usaha atau bisnis calon peminjam mencukupi untuk membayar angsuran pinjaman sesuai ketentuan tata aturan pinjaman?',	'kapasitas',	10,	1,	'0',	'1',	'2019-06-09 07:10:15.51959',	'2019-06-09 07:10:15.51959'),
(11,	'Apakah calon peminjam memiliki pekerjaan atau usaha yang tetap dan stabil ?',	'kapasitas',	5,	2,	'0',	'1',	'2019-06-09 07:12:24.94845',	'2019-06-09 07:12:24.94845'),
(12,	'Apakah calon peminjam mempunyai usaha produktif, usia/lamanya usaha tersebut ',	'kapasitas',	3,	3,	'0',	'0',	'2019-06-09 07:15:40.153136',	'2019-06-09 07:15:40.153136'),
(13,	'Apakah peminjam masih mempunyai sisa pinjaman di lembaga keuangan/tempat lain?',	'kapasitas',	2,	4,	'0',	'0',	'2019-06-09 07:23:00.629927',	'2019-06-09 07:23:00.629927'),
(14,	'Apakah kekayaan produktif calon peminjam lebih besar dari jumlah pinjaman di kopdit solidaritas dan juga sisa pinjaman pada semua lembaga keuangan lainnya?',	'kapasitas',	2,	5,	'0',	'0',	'2019-06-09 07:25:56.393389',	'2019-06-09 07:25:56.393389'),
(15,	'Apakah calon peminjam memiliki keterampilan yang baik dalam melakukan pekerjaan, usaha atau bisnisnya?',	'kapasitas',	2,	6,	'0',	'0',	'2019-06-09 07:30:54.994357',	'2019-06-09 07:30:54.994357'),
(16,	'Jika memiliki usaha produktif, apakah usaha calon peminjam berkembang selama tahun-tahun terakhir?',	'kapasitas',	1,	7,	'0',	'0',	'2019-06-09 07:32:35.345288',	'2019-06-09 07:32:35.345288'),
(18,	'Apakah perbandingan atau selisih antara pinjaman yang diajukan dengan simpanan saham dengan simpanan jangka panjang di kopdit ',	'kapital',	20,	1,	'0',	'1',	'2019-06-09 07:36:13.552893',	'2019-06-09 07:36:13.552893'),
(19,	'Apakah calon peminjam memiliki harta pribadi dan aset-aset lainnya yang dapat dijadikan sebagai jaminan pinjaman?',	'kapital',	2,	2,	'0',	'0',	'2019-06-09 07:41:15.495194',	'2019-06-09 07:41:15.495194'),
(20,	'Apakah calon peminjam memiliki tempat tinggal tetap?',	'kapital',	2,	3,	'0',	'0',	'2019-06-09 07:43:46.015413',	'2019-06-09 07:44:02.04884'),
(21,	'Apakah simpanan/tabungan bertambah ketika peminjam mau meminjam?',	'kapital',	1,	4,	'0',	'0',	'2019-06-09 07:44:56.833394',	'2019-06-09 07:45:46.288494'),
(22,	'Apakah calon peminjam dan atau keluarga memiliki simpanan jangka panjang yang dapat dijadikan jaminan pinjaman?',	'kolateral',	20,	1,	'0',	'1',	'2019-06-09 07:46:59.823403',	'2019-06-09 07:46:59.823403'),
(23,	'Apakah jaminan yang digunakan adalah barang bergerak atau barang tidak bergerak?',	'kolateral',	3,	2,	'0',	'0',	'2019-06-09 07:50:48.850725',	'2019-06-09 07:50:48.850725'),
(24,	'Apakah jaminan yang ditawarkan ini milik pribadi peminjam?',	'kolateral',	2,	3,	'0',	'0',	'2019-06-09 07:55:35.23836',	'2019-06-09 07:55:35.23836'),
(26,	'Apakah barang jaminan yang ditawarkan dapat diuangkan dengan mudah atau kapan saja?',	'kolateral',	1,	5,	'0',	'0',	'2019-06-09 07:58:22.34784',	'2019-06-09 07:58:22.34784'),
(27,	'Apakah para penjamin bersedia menjaminkan simpanannya atau bersedia dipotong gajinya apabila si peminjam yang dijaminkan menunggak?',	'kolateral',	1,	6,	'0',	'0',	'2019-06-09 07:58:57.674679',	'2019-06-09 07:58:57.674679'),
(28,	'Apakah suami/istri penjamin dan peminjam mengetahui dan menyetujui permohonan pinjaman tersebut?',	'kolateral',	1,	7,	'0',	'0',	'2019-06-09 07:59:24.425406',	'2019-06-09 07:59:24.425406'),
(25,	'Apakah nilai barang jaminan lebih tinggi dari jumlah pinjaman yang diajukan calon peminjam dan sesuai kebijakan penilai barang jaminan?',	'kolateral',	2,	4,	'0',	'0',	'2019-06-09 07:57:45.255796',	'2019-06-09 08:01:56.823509'),
(29,	'Apakah calon peminjam memiliki usaha yang legal?',	'kondisi',	1,	1,	'0',	'1',	'2019-06-09 08:03:41.384012',	'2019-06-09 08:03:41.384012'),
(30,	'Apakah kondisi iklim/cuaca sangat berpengaruh atas usaha bisnis/proyek yang akan didanai dari pinjaman ini?',	'kondisi',	1,	2,	'0',	'0',	'2019-06-09 08:04:16.947175',	'2019-06-09 08:04:16.947175'),
(31,	'Apakah pasar dapat menerima usaha atau bisnis/proyek calon peminjam?',	'kondisi',	1,	3,	'0',	'1',	'2019-06-09 08:04:52.30462',	'2019-06-09 08:04:52.30462'),
(32,	'Apakah secara ekonomi, masyarakat disekitar menjamin kesuksesan usaha atau bisnis/proyek calon peminjam?',	'kondisi',	1,	4,	'0',	'1',	'2019-06-09 08:05:18.441438',	'2019-06-09 08:05:18.441438'),
(33,	'Apakah calon peminjam memiliki kepedulian terhadap lingkungan?',	'kondisi',	1,	5,	'0',	'0',	'2019-06-09 08:05:48.013113',	'2019-06-09 08:05:48.013113');

-- 2019-06-10 09:05:32.181655+00